[
null,
{"id":1,"battlerName":"PauloMello","characterIndex":0,"characterName":"PauloMello","classId":1,"equips":[6,2,7,15,19],"faceIndex":0,"faceName":"PauloMello","traits":[{"code":51,"dataId":9,"value":1}],"initialLevel":99,"maxLevel":99,"name":"Paulo de Mello","nickname":"Paulo","note":"","profile":"O grande Chefe da Empresa"},
{"id":2,"battlerName":"Actor1_8","characterIndex":7,"characterName":"Actor1","classId":2,"equips":[6,1,4,12,16],"faceIndex":7,"faceName":"Actor1","traits":[{"code":51,"dataId":9,"value":1},{"code":51,"dataId":1,"value":1},{"code":51,"dataId":2,"value":1},{"code":51,"dataId":7,"value":1},{"code":51,"dataId":8,"value":1},{"code":11,"dataId":4,"value":1.25},{"code":31,"dataId":4,"value":1},{"code":31,"dataId":1,"value":1},{"code":31,"dataId":5,"value":1},{"code":11,"dataId":5,"value":1.25},{"code":51,"dataId":3,"value":1},{"code":51,"dataId":4,"value":1}],"initialLevel":5,"maxLevel":10,"name":"Tereza","nickname":"","note":"","profile":""},
{"id":3,"battlerName":"Actor3_8","characterIndex":7,"characterName":"Actor3","classId":2,"equips":[7,3,4,12,16],"faceIndex":7,"faceName":"Actor3","traits":[{"code":51,"dataId":9,"value":1},{"code":51,"dataId":1,"value":1},{"code":51,"dataId":2,"value":1},{"code":51,"dataId":7,"value":1},{"code":51,"dataId":8,"value":1},{"code":11,"dataId":4,"value":1.25},{"code":31,"dataId":4,"value":1},{"code":11,"dataId":7,"value":1.25},{"code":31,"dataId":7,"value":1},{"code":51,"dataId":3,"value":1},{"code":51,"dataId":6,"value":1}],"initialLevel":5,"maxLevel":10,"name":"Márcia","nickname":"","note":"","profile":""},
{"id":4,"battlerName":"Actor2_7","characterIndex":6,"characterName":"Actor2","classId":2,"equips":[6,1,4,12,16],"faceIndex":6,"faceName":"Actor2","traits":[{"code":51,"dataId":9,"value":1},{"code":51,"dataId":1,"value":1},{"code":51,"dataId":2,"value":1},{"code":51,"dataId":7,"value":1},{"code":51,"dataId":8,"value":1},{"code":11,"dataId":6,"value":1.25},{"code":31,"dataId":6,"value":1},{"code":11,"dataId":4,"value":1.25},{"code":31,"dataId":4,"value":1},{"code":51,"dataId":3,"value":1},{"code":51,"dataId":5,"value":1}],"initialLevel":5,"maxLevel":10,"name":"Lúcio","nickname":"","note":"","profile":""},
{"id":5,"battlerName":"Leo","characterIndex":0,"characterName":"Leo","classId":2,"equips":[6,1,4,12,16],"faceIndex":0,"faceName":"Leo","traits":[{"code":51,"dataId":4,"value":1},{"code":51,"dataId":9,"value":1},{"code":51,"dataId":1,"value":1},{"code":51,"dataId":2,"value":1},{"code":51,"dataId":7,"value":1},{"code":51,"dataId":8,"value":1},{"code":11,"dataId":4,"value":1.25},{"code":31,"dataId":4,"value":1},{"code":31,"dataId":5,"value":1},{"code":11,"dataId":5,"value":1.25},{"code":51,"dataId":3,"value":1}],"initialLevel":5,"maxLevel":10,"name":"Leonardo","nickname":"","note":"","profile":""},
{"id":6,"battlerName":"Principais2","characterIndex":1,"characterName":"Principais","classId":2,"equips":[7,2,8,12,16],"faceIndex":1,"faceName":"Principais","traits":[{"code":51,"dataId":9,"value":1},{"code":51,"dataId":1,"value":1},{"code":51,"dataId":2,"value":1},{"code":51,"dataId":7,"value":1},{"code":51,"dataId":8,"value":1},{"code":31,"dataId":5,"value":1},{"code":11,"dataId":5,"value":1.25},{"code":11,"dataId":6,"value":1.25},{"code":31,"dataId":6,"value":1},{"code":51,"dataId":4,"value":1},{"code":51,"dataId":5,"value":1}],"initialLevel":5,"maxLevel":10,"name":"Jacó","nickname":"","note":"","profile":""},
{"id":7,"battlerName":"Principais","characterIndex":5,"characterName":"Principais","classId":2,"equips":[6,1,4,12,16],"faceIndex":5,"faceName":"Principais","traits":[{"code":51,"dataId":9,"value":1},{"code":51,"dataId":1,"value":1},{"code":51,"dataId":2,"value":1},{"code":51,"dataId":7,"value":1},{"code":51,"dataId":8,"value":1},{"code":11,"dataId":6,"value":1.25},{"code":31,"dataId":6,"value":1},{"code":11,"dataId":7,"value":1.25},{"code":31,"dataId":7,"value":1},{"code":51,"dataId":6,"value":1},{"code":51,"dataId":5,"value":1}],"initialLevel":5,"maxLevel":10,"name":"Carla","nickname":"","note":"","profile":""},
{"id":8,"battlerName":"Principais8","characterIndex":7,"characterName":"Principais","classId":2,"equips":[6,2,4,12,16],"faceIndex":7,"faceName":"Principais","traits":[{"code":51,"dataId":9,"value":1},{"code":51,"dataId":1,"value":1},{"code":51,"dataId":2,"value":1},{"code":51,"dataId":7,"value":1},{"code":51,"dataId":8,"value":1},{"code":11,"dataId":4,"value":1.25},{"code":31,"dataId":4,"value":1},{"code":11,"dataId":7,"value":1.25},{"code":31,"dataId":7,"value":1},{"code":51,"dataId":3,"value":1},{"code":51,"dataId":6,"value":1}],"initialLevel":5,"maxLevel":10,"name":"Mariana","nickname":"","note":"","profile":""},
{"id":9,"battlerName":"Principais7","characterIndex":6,"characterName":"Principais","classId":2,"equips":[7,2,4,12,16],"faceIndex":6,"faceName":"Principais","traits":[{"code":51,"dataId":9,"value":1},{"code":51,"dataId":1,"value":1},{"code":51,"dataId":2,"value":1},{"code":51,"dataId":7,"value":1},{"code":51,"dataId":8,"value":1},{"code":11,"dataId":6,"value":1.25},{"code":31,"dataId":6,"value":1},{"code":11,"dataId":7,"value":1.25},{"code":31,"dataId":7,"value":1},{"code":51,"dataId":6,"value":1},{"code":51,"dataId":5,"value":1}],"initialLevel":5,"maxLevel":10,"name":"Sofia","nickname":"","note":"","profile":""},
{"id":10,"battlerName":"Principais3","characterIndex":2,"characterName":"Principais","classId":2,"equips":[6,3,4,12,16],"faceIndex":2,"faceName":"Principais","traits":[{"code":51,"dataId":9,"value":1},{"code":51,"dataId":1,"value":1},{"code":51,"dataId":2,"value":1},{"code":51,"dataId":7,"value":1},{"code":51,"dataId":8,"value":1},{"code":11,"dataId":6,"value":1.25},{"code":31,"dataId":6,"value":1},{"code":11,"dataId":7,"value":1.25},{"code":31,"dataId":7,"value":1},{"code":51,"dataId":6,"value":1},{"code":51,"dataId":5,"value":1}],"initialLevel":5,"maxLevel":10,"name":"Joaquim","nickname":"","note":"","profile":""},
{"id":11,"battlerName":"Principais4","characterIndex":3,"characterName":"Principais","classId":2,"equips":[7,2,8,12,16],"faceIndex":3,"faceName":"Principais","traits":[{"code":51,"dataId":9,"value":1},{"code":51,"dataId":1,"value":1},{"code":51,"dataId":2,"value":1},{"code":51,"dataId":7,"value":1},{"code":51,"dataId":8,"value":1},{"code":31,"dataId":5,"value":1},{"code":11,"dataId":5,"value":1.25},{"code":11,"dataId":6,"value":1.25},{"code":31,"dataId":6,"value":1},{"code":51,"dataId":4,"value":1},{"code":51,"dataId":5,"value":1}],"initialLevel":5,"maxLevel":10,"name":"Rodrigo","nickname":"Rodriguinho","note":"","profile":""},
{"id":12,"battlerName":"Actor3_6","characterIndex":5,"characterName":"Actor3","classId":3,"equips":[6,2,4,12,16],"faceIndex":5,"faceName":"Actor3","traits":[{"code":51,"dataId":9,"value":1},{"code":51,"dataId":1,"value":1},{"code":51,"dataId":2,"value":1},{"code":51,"dataId":7,"value":1},{"code":51,"dataId":8,"value":1},{"code":31,"dataId":5,"value":1},{"code":11,"dataId":5,"value":1.25},{"code":51,"dataId":4,"value":1}],"initialLevel":1,"maxLevel":10,"name":"Valentina","nickname":"","note":"","profile":""},
{"id":13,"battlerName":"Actor3_5","characterIndex":4,"characterName":"Actor3","classId":3,"equips":[6,1,4,12,16],"faceIndex":4,"faceName":"Actor3","traits":[{"code":51,"dataId":9,"value":1},{"code":51,"dataId":1,"value":1},{"code":51,"dataId":2,"value":1},{"code":51,"dataId":7,"value":1},{"code":51,"dataId":8,"value":1},{"code":11,"dataId":4,"value":1.25},{"code":31,"dataId":4,"value":1},{"code":51,"dataId":3,"value":1}],"initialLevel":1,"maxLevel":10,"name":"Enzo","nickname":"","note":"","profile":""},
{"id":14,"battlerName":"Actor1_1","characterIndex":0,"characterName":"Actor1","classId":3,"equips":[6,1,8,12,16],"faceIndex":0,"faceName":"Actor1","traits":[{"code":51,"dataId":9,"value":1},{"code":51,"dataId":1,"value":1},{"code":51,"dataId":2,"value":1},{"code":51,"dataId":7,"value":1},{"code":51,"dataId":8,"value":1},{"code":11,"dataId":6,"value":1.25},{"code":31,"dataId":6,"value":1},{"code":51,"dataId":5,"value":1}],"initialLevel":1,"maxLevel":10,"name":"Roberto","nickname":"","note":"","profile":""},
{"id":15,"battlerName":"Actor1_2","characterIndex":1,"characterName":"Actor1","classId":3,"equips":[6,3,4,12,16],"faceIndex":1,"faceName":"Actor1","traits":[{"code":51,"dataId":9,"value":1},{"code":51,"dataId":1,"value":1},{"code":51,"dataId":2,"value":1},{"code":51,"dataId":7,"value":1},{"code":51,"dataId":8,"value":1},{"code":11,"dataId":7,"value":1.25},{"code":31,"dataId":7,"value":1},{"code":51,"dataId":6,"value":1}],"initialLevel":1,"maxLevel":10,"name":"Paula","nickname":"","note":"","profile":""},
{"id":16,"battlerName":"Actor1_5","characterIndex":4,"characterName":"Actor1","classId":3,"equips":[6,1,4,12,16],"faceIndex":4,"faceName":"Actor1","traits":[{"code":51,"dataId":9,"value":1},{"code":51,"dataId":1,"value":1},{"code":51,"dataId":2,"value":1},{"code":51,"dataId":7,"value":1},{"code":51,"dataId":8,"value":1},{"code":11,"dataId":4,"value":1.25},{"code":31,"dataId":4,"value":1},{"code":51,"dataId":3,"value":1}],"initialLevel":1,"maxLevel":10,"name":"Marcelo","nickname":"","note":"","profile":""},
{"id":17,"battlerName":"Actor1_6","characterIndex":5,"characterName":"Actor1","classId":3,"equips":[7,3,4,12,16],"faceIndex":5,"faceName":"Actor1","traits":[{"code":51,"dataId":9,"value":1},{"code":51,"dataId":1,"value":1},{"code":51,"dataId":2,"value":1},{"code":51,"dataId":7,"value":1},{"code":51,"dataId":8,"value":1},{"code":11,"dataId":6,"value":1.25},{"code":31,"dataId":6,"value":1},{"code":51,"dataId":5,"value":1}],"initialLevel":1,"maxLevel":10,"name":"Marcela","nickname":"","note":"","profile":""},
{"id":18,"battlerName":"Actor3_7","characterIndex":6,"characterName":"Actor3","classId":3,"equips":[6,2,4,12,16],"faceIndex":6,"faceName":"Actor3","traits":[{"code":51,"dataId":9,"value":1},{"code":51,"dataId":1,"value":1},{"code":51,"dataId":2,"value":1},{"code":51,"dataId":7,"value":1},{"code":51,"dataId":8,"value":1},{"code":31,"dataId":5,"value":1},{"code":11,"dataId":5,"value":1.25},{"code":51,"dataId":4,"value":1}],"initialLevel":1,"maxLevel":10,"name":"João","nickname":"","note":"","profile":""},
{"id":19,"battlerName":"Actor2_4","characterIndex":3,"characterName":"Actor2","classId":3,"equips":[7,2,4,12,16],"faceIndex":3,"faceName":"Actor2","traits":[{"code":51,"dataId":9,"value":1},{"code":51,"dataId":1,"value":1},{"code":51,"dataId":2,"value":1},{"code":51,"dataId":7,"value":1},{"code":51,"dataId":8,"value":1},{"code":11,"dataId":7,"value":1.25},{"code":31,"dataId":7,"value":1},{"code":51,"dataId":6,"value":1}],"initialLevel":1,"maxLevel":10,"name":"Shayanne","nickname":"","note":"","profile":""},
{"id":20,"battlerName":"Actor1_3","characterIndex":2,"characterName":"Actor1","classId":4,"equips":[6,2,5,12,16],"faceIndex":2,"faceName":"Actor1","traits":[{"code":51,"dataId":9,"value":1},{"code":51,"dataId":1,"value":1},{"code":51,"dataId":2,"value":1},{"code":51,"dataId":7,"value":1},{"code":51,"dataId":8,"value":1},{"code":11,"dataId":4,"value":1.25},{"code":31,"dataId":4,"value":1},{"code":31,"dataId":5,"value":1},{"code":11,"dataId":5,"value":1.25},{"code":51,"dataId":3,"value":1},{"code":51,"dataId":4,"value":1}],"initialLevel":3,"maxLevel":10,"name":"Waldecir","nickname":"","note":"","profile":""},
{"id":21,"battlerName":"Actor1_4","characterIndex":3,"characterName":"Actor1","classId":4,"equips":[7,2,9,12,16],"faceIndex":3,"faceName":"Actor1","traits":[{"code":51,"dataId":9,"value":1},{"code":51,"dataId":1,"value":1},{"code":51,"dataId":2,"value":1},{"code":51,"dataId":7,"value":1},{"code":51,"dataId":8,"value":1},{"code":11,"dataId":6,"value":1.25},{"code":31,"dataId":6,"value":1},{"code":11,"dataId":7,"value":1.25},{"code":31,"dataId":7,"value":1},{"code":51,"dataId":6,"value":1},{"code":51,"dataId":5,"value":1}],"initialLevel":3,"maxLevel":10,"name":"Marisa","nickname":"","note":"","profile":""},
{"id":22,"battlerName":"Actor2_5","characterIndex":4,"characterName":"Actor2","classId":4,"equips":[6,3,4,13,16],"faceIndex":4,"faceName":"Actor2","traits":[{"code":51,"dataId":9,"value":1},{"code":51,"dataId":1,"value":1},{"code":51,"dataId":2,"value":1},{"code":51,"dataId":7,"value":1},{"code":51,"dataId":8,"value":1},{"code":31,"dataId":5,"value":1},{"code":11,"dataId":5,"value":1.25},{"code":11,"dataId":6,"value":1.25},{"code":31,"dataId":6,"value":1},{"code":51,"dataId":4,"value":1},{"code":51,"dataId":5,"value":1}],"initialLevel":3,"maxLevel":10,"name":"Carlos","nickname":"","note":"","profile":""},
{"id":23,"battlerName":"Actor2_8","characterIndex":7,"characterName":"Actor2","classId":4,"equips":[6,1,4,12,17],"faceIndex":7,"faceName":"Actor2","traits":[{"code":51,"dataId":9,"value":1},{"code":51,"dataId":1,"value":1},{"code":51,"dataId":2,"value":1},{"code":51,"dataId":7,"value":1},{"code":51,"dataId":8,"value":1},{"code":11,"dataId":4,"value":1.25},{"code":31,"dataId":4,"value":1},{"code":11,"dataId":7,"value":1.25},{"code":31,"dataId":7,"value":1},{"code":51,"dataId":3,"value":1},{"code":51,"dataId":6,"value":1}],"initialLevel":3,"maxLevel":10,"name":"Ana Paula","nickname":"","note":"","profile":""},
{"id":24,"battlerName":"Actor2_1","characterIndex":0,"characterName":"Actor2","classId":4,"equips":[6,3,5,12,16],"faceIndex":0,"faceName":"Actor2","traits":[{"code":51,"dataId":9,"value":1},{"code":51,"dataId":1,"value":1},{"code":51,"dataId":2,"value":1},{"code":51,"dataId":7,"value":1},{"code":51,"dataId":8,"value":1},{"code":31,"dataId":5,"value":1},{"code":11,"dataId":5,"value":1.25},{"code":11,"dataId":7,"value":1.25},{"code":31,"dataId":7,"value":1},{"code":51,"dataId":4,"value":1},{"code":51,"dataId":6,"value":1}],"initialLevel":3,"maxLevel":10,"name":"Juan","nickname":"","note":"","profile":""},
{"id":25,"battlerName":"Actor2_2","characterIndex":1,"characterName":"Actor2","classId":4,"equips":[6,1,9,12,16],"faceIndex":1,"faceName":"Actor2","traits":[{"code":51,"dataId":9,"value":1},{"code":51,"dataId":1,"value":1},{"code":51,"dataId":2,"value":1},{"code":51,"dataId":7,"value":1},{"code":51,"dataId":8,"value":1},{"code":11,"dataId":4,"value":1.25},{"code":31,"dataId":4,"value":1},{"code":11,"dataId":6,"value":1.25},{"code":31,"dataId":6,"value":1},{"code":51,"dataId":3,"value":1},{"code":51,"dataId":5,"value":1}],"initialLevel":3,"maxLevel":10,"name":"Anne-Marie","nickname":"","note":"","profile":""},
{"id":26,"battlerName":"Manuel","characterIndex":1,"characterName":"PauloMello","classId":5,"equips":[6,1,6,13,17],"faceIndex":1,"faceName":"PauloMello","traits":[{"code":51,"dataId":9,"value":1},{"code":51,"dataId":1,"value":1},{"code":51,"dataId":2,"value":1},{"code":51,"dataId":7,"value":1},{"code":51,"dataId":8,"value":1},{"code":11,"dataId":4,"value":1.25},{"code":31,"dataId":4,"value":1},{"code":31,"dataId":5,"value":1},{"code":11,"dataId":5,"value":1.25},{"code":11,"dataId":2,"value":1.25},{"code":31,"dataId":2,"value":1},{"code":51,"dataId":3,"value":1},{"code":51,"dataId":4,"value":1}],"initialLevel":5,"maxLevel":10,"name":"Manuel","nickname":"","note":"","profile":""},
{"id":27,"battlerName":"Cassandra","characterIndex":4,"characterName":"PauloMello","classId":5,"equips":[7,2,9,13,17],"faceIndex":4,"faceName":"PauloMello","traits":[{"code":51,"dataId":9,"value":1},{"code":51,"dataId":1,"value":1},{"code":51,"dataId":2,"value":1},{"code":51,"dataId":7,"value":1},{"code":51,"dataId":8,"value":1},{"code":11,"dataId":4,"value":1.25},{"code":31,"dataId":4,"value":1},{"code":11,"dataId":7,"value":1.25},{"code":31,"dataId":7,"value":1},{"code":11,"dataId":2,"value":1.25},{"code":31,"dataId":2,"value":1},{"code":51,"dataId":3,"value":1},{"code":51,"dataId":6,"value":1}],"initialLevel":5,"maxLevel":10,"name":"Cassandra","nickname":"","note":"","profile":""},
{"id":28,"battlerName":"SirBlackwood","characterIndex":3,"characterName":"PauloMello","classId":5,"equips":[7,2,6,13,17],"faceIndex":3,"faceName":"PauloMello","traits":[{"code":51,"dataId":9,"value":1},{"code":51,"dataId":1,"value":1},{"code":51,"dataId":2,"value":1},{"code":51,"dataId":7,"value":1},{"code":51,"dataId":8,"value":1},{"code":31,"dataId":5,"value":1},{"code":11,"dataId":5,"value":1.75},{"code":11,"dataId":7,"value":1.75},{"code":31,"dataId":7,"value":1},{"code":51,"dataId":4,"value":1},{"code":51,"dataId":6,"value":1}],"initialLevel":5,"maxLevel":10,"name":"Sir John Blackwood","nickname":"","note":"","profile":""},
{"id":29,"battlerName":"Jucimara","characterIndex":5,"characterName":"PauloMello","classId":5,"equips":[6,1,5,13,17],"faceIndex":5,"faceName":"PauloMello","traits":[{"code":51,"dataId":9,"value":1},{"code":51,"dataId":1,"value":1},{"code":51,"dataId":2,"value":1},{"code":51,"dataId":7,"value":1},{"code":51,"dataId":8,"value":1},{"code":11,"dataId":4,"value":1.25},{"code":31,"dataId":4,"value":1},{"code":11,"dataId":6,"value":1.25},{"code":31,"dataId":6,"value":1},{"code":11,"dataId":8,"value":1.25},{"code":31,"dataId":8,"value":1},{"code":51,"dataId":5,"value":1},{"code":51,"dataId":3,"value":1}],"initialLevel":5,"maxLevel":10,"name":"Jucimara","nickname":"","note":"","profile":""}
]