[
null,
{"id":1,"atypeId":1,"description":"","etypeId":2,"traits":[{"code":22,"dataId":1,"value":0}],"iconIndex":132,"name":"Linux","note":"","params":[0,0,0,10,0,0,0,0],"price":0},
{"id":2,"atypeId":1,"description":"","etypeId":2,"traits":[{"code":22,"dataId":1,"value":0}],"iconIndex":132,"name":"Windows","note":"","params":[0,0,0,10,0,0,0,0],"price":0},
{"id":3,"atypeId":1,"description":"","etypeId":2,"traits":[{"code":22,"dataId":1,"value":0}],"iconIndex":132,"name":"Mac","note":"","params":[0,0,0,10,0,0,0,0],"price":0},
{"id":4,"atypeId":1,"description":"","etypeId":3,"traits":[{"code":22,"dataId":1,"value":0}],"iconIndex":245,"name":"Intel Pentium","note":"","params":[0,0,5,5,0,5,5,0],"price":0},
{"id":5,"atypeId":1,"description":"","etypeId":3,"traits":[{"code":22,"dataId":1,"value":0}],"iconIndex":245,"name":"Intel i3","note":"","params":[0,0,10,10,10,10,10,0],"price":200},
{"id":6,"atypeId":1,"description":"","etypeId":3,"traits":[{"code":22,"dataId":1,"value":0}],"iconIndex":245,"name":"Intel i5","note":"","params":[0,0,15,15,15,15,15,0],"price":400},
{"id":7,"atypeId":1,"description":"","etypeId":3,"traits":[{"code":22,"dataId":1,"value":0}],"iconIndex":245,"name":"Intel i7","note":"","params":[0,0,20,20,20,20,20,0],"price":600},
{"id":8,"atypeId":1,"description":"","etypeId":3,"traits":[{"code":22,"dataId":1,"value":0}],"iconIndex":245,"name":"AMD FX","note":"","params":[0,0,5,5,5,5,5,0],"price":0},
{"id":9,"atypeId":1,"description":"","etypeId":3,"traits":[{"code":22,"dataId":1,"value":0}],"iconIndex":245,"name":"AMD Ryzen 3","note":"","params":[0,0,10,10,10,10,10,0],"price":200},
{"id":10,"atypeId":1,"description":"","etypeId":3,"traits":[{"code":22,"dataId":1,"value":0}],"iconIndex":245,"name":"AMD Ryzen 5","note":"","params":[0,0,15,15,15,15,15,0],"price":400},
{"id":11,"atypeId":1,"description":"","etypeId":3,"traits":[{"code":22,"dataId":1,"value":0}],"iconIndex":245,"name":"AMD Ryzen 7","note":"","params":[0,0,20,20,20,20,20,0],"price":600},
{"id":12,"atypeId":1,"description":"","etypeId":4,"traits":[{"code":22,"dataId":1,"value":0}],"iconIndex":189,"name":"Memória 2GB","note":"","params":[0,0,0,7,0,0,0,0],"price":0},
{"id":13,"atypeId":1,"description":"","etypeId":4,"traits":[{"code":22,"dataId":1,"value":0}],"iconIndex":189,"name":"Memória 4GB","note":"","params":[0,0,0,15,0,0,0,0],"price":200},
{"id":14,"atypeId":1,"description":"","etypeId":4,"traits":[{"code":22,"dataId":1,"value":0}],"iconIndex":189,"name":"Memória 8GB","note":"","params":[0,0,0,30,0,0,0,0],"price":400},
{"id":15,"atypeId":1,"description":"","etypeId":4,"traits":[{"code":22,"dataId":1,"value":0}],"iconIndex":189,"name":"Memória 16GB","note":"","params":[0,0,0,60,0,0,0,0],"price":600},
{"id":16,"atypeId":1,"description":"","etypeId":5,"traits":[{"code":22,"dataId":1,"value":0}],"iconIndex":229,"name":"HDD 500GB","note":"","params":[5,5,0,0,0,0,0,0],"price":0},
{"id":17,"atypeId":1,"description":"","etypeId":5,"traits":[{"code":22,"dataId":1,"value":0}],"iconIndex":229,"name":"HDD 1TB","note":"","params":[15,15,0,0,0,0,0,0],"price":200},
{"id":18,"atypeId":1,"description":"","etypeId":5,"traits":[{"code":22,"dataId":1,"value":0}],"iconIndex":229,"name":"HDD 3TB","note":"","params":[30,30,0,0,0,0,0,0],"price":400},
{"id":19,"atypeId":1,"description":"","etypeId":5,"traits":[{"code":22,"dataId":1,"value":0}],"iconIndex":232,"name":"SSD 480GB","note":"","params":[50,50,0,0,0,0,0,0],"price":600}
]